id;title;content;date
1;quintuple except confusion;../fake-data/blob/hipster.txt;2025-12-27T04:33:01
2;uselessly;../fake-data/blob/hipster.txt;2025-12-27T17:26:37
3;phew reckless;../fake-data/blob/hipster.txt;2025-12-27T02:41:31
4;vice towards rout;../fake-data/blob/hipster.txt;2025-12-27T11:44:31
5;woot snack refute;../fake-data/blob/hipster.txt;2025-12-27T05:14:00
6;peaceful;../fake-data/blob/hipster.txt;2025-12-27T18:19:08
7;helplessly thankfully worth;../fake-data/blob/hipster.txt;2025-12-27T02:55:52
8;through soap sandbar;../fake-data/blob/hipster.txt;2025-12-27T06:30:13
9;in reasoning trivial;../fake-data/blob/hipster.txt;2025-12-27T19:46:26
10;duffel woeful;../fake-data/blob/hipster.txt;2025-12-27T13:28:11
